RMSE,MAPE
20.497808942480955,0.08848777069750187
